,0
0,
1,"Welcome to Voting is Power! Start by choosing your language:
1. English
2. Afrikaans
3. Zulu"
2,1
3,"Elections! Does ur vote matter?
1. YES every vote matters
2. NO. I'll vote anyway
3. NO. I'm NOT voting
4. I'm NOT REGISTRD to vote
5. I'm 2 YOUNG to vote"
4,"Please accept the terms and conditions to get started
1. Accept & Join
2. Read t&c
3. Quit"
5,2
6,"VIP:Voice is a research prom by Praekelt Fdn, Democracy Intl & the U of California San Diego. Anonymous questions may be asked & stored
1. Prev
2. Next
3. Exit"
7,3
8,"Tx 4 joining! We need ur voting ward. Type ur home address & we'll work it out. This is prvt, only ur voting ward will be stored &u will be anonymous"
9,Ward 24
10,Please carefully re-enter your address again: for e.g.: 12 main street pretoria . Phone user hint: use # key to change to text mode
11,Polokwane.mankweng
12,26 gamothiba mankweng
13,VIP:Voice wants 2 know: have parties intimidated voters in your area in the past 2 weeks? Reply 1. Yes. 2. No. U will be paid R2 airtime for ur response.
14,VIP:Voice wants 2 know: hv parties gone door-to-door in ur area in the past 2 wks?  Reply 1. Yes. 2. No. U'll b paid R2 airtime 4 ur response.
15,VIP:Voice wants 2 know if election held 2moro what party would u vote for: 1.ANC 2.COPE 3.DA 4.EFF 5.Other 6.not vote 7.Skip U'll b paid R2 airtime 4 response.
16,VIP:Voice wants 2 know: any protests in your area in the past 2 weeks? Reply 1. Yes. 2. No.  U will be paid R2 airtime for ur response.
17,An error occurred. Please try again later.
18,"VIP wants to know if you voted?
1. Yes
2. No"
19,"Thx 4 joining VIP:Voice & reprtng on the Election! Let us kno wht u think! Answr a few qstns & stand chance 2 WIN artime!
1. To begin
2. No thanks"
20,"Thanks for joining VIP:Voice 2014 and reporting on Election activity! Let us know what u thought by answering a few questions & stand a chance to WIN airtime! Reply 1 to begin.
1. Begin"
21,"Yiskhathi sokhetho! Liyasiza yini ivoti lakho?
1. YEBO
2. CHA kodwa ngizovota
3. CHA Yingakho ngingavoti
4. ANGIKUBHALISELANGA
5. Ngisemncane angivoti"
22,"Yamukela le imigomo nemibandela ekuvumela ukuqala
1. Yamukela ujoyine
2. Funda imigomo nemibandela
3. Phuma"
23,"Siyakwamukela ohlelweni i-VIP!
1. Phendula uwine!
2. Imibuzo ye-VIP
3. Bika umcimbi wokhetho
4. Bheka imiphumela ye-VIP..
5. Kwenzenjani?
6. Ngalokhu
7. Qeda"
24,"Ukuklelisa kanjani ukusebenza kukaMengameli Zuma ngokubanzi?
1. Kuhle kakhulu
2. Kuhle
3.  Kuyagculisa khona
4. Akukuhle
5. Eqa"
25,4
26,"Ukuklelisa kanjani ukusebenza kwekhansela lendawo ngokubanzi?
1. Kuhle kakhulu
2. Kuhle
3.  Kuyagculisa khona
4. Akukuhle
5. Eqa"
27,"Kulula kangakanani komakhelwane bakho ukwazi ukuthi uvotile? 
1. Kulula kakhulu
2. Kulula kancane
3. Kunzinyana
4. Kulukhuni kakhulu
5. Eqa"
28,"Maningi kangakanani amathuba okuba uvote okhethweni oluzayo?
1. Maningi kakhulu
2. Akhonywana
3. Ayangabazeka kancane
4. Awekho nhlobo
5. Anginasiqiniseko
6. Eqa"
29,"Uyathanda yini ukuqhubeka nokuphendula imibuzo? Iyi-12 isiyonke
1. Qhubeka
2. iMenyu Enkulu"
30,3. Ayangabazeka kancane
31,"Uma kuwkuthi umphakathi wangakini waba nayo imibhikisho ngonyaka odlule, yayinodlame yini?
1. Yebo
2. Cha
3. Awufanele lo mbuzo
4. Eqa"
32,"Ukubhalisele yini ukuvota ezinkethweni ezizayo?
1. Yebo
2. Cha
3. Anginasiqiniseko
4. Eqa"
33,"Onyakeni odlule, umphakathi wangakini ube nayo yini imibhikisho?
1. Yebo, izikhathi eziningana
2. kanye noma kabili
3. Cha
4. Eqa"
34,"Iyiphi inhlangano yezepolitiki esenhlziyweni yakho?
1. ANC
2. Agang
3. Cope
4. DA
5. EFF
6. IFP
7. ngokunye
8. Ayikho esenhlziyweni yami
9. Eqa"
35,"Onyakeni odlule, wawuhambela yini umbhikisho?
1. Yebo, eminingi
2. Yebo, embalwa
3. Cha
4. Eqa"
36,"Abantu esakhelene nabo bamthatha kancane ongavoti:
1. Ngivum' kakhulu
2. Ngiyavuma kancane
3. Ngiyaphika kancane
4. Ngiphika kakhul
5. Eqa"
37,"Iyiphi inhlangano ekuthinte kaningi kunezinye ngalo mkhankaso wokhetho?
1. Ayikho
2. ANC
3. Agang
4. Cope
5. DA
6. EFF
7. IFP
8. ngokunye
9. Eqa"
38,"Emasontweni 2 edlule, ngabe uwuyihambele yini irali yomkhankaso?
1. Yebo
2. Cha
3. Eqa"
39,5. DA
40,"Siyabonga! Uphendule imibuzo yonke.
1. iMenyu Enkulu"
41,7
42,Salakahle.
43,Shap
44,Ungumhlali o we si 56920 o sebenza ngokubika ezinkethweni! Izimibiki engu 2055 ekethweni isi thunyelwe.
45,VIP:Voice wants 2 know: have parties distributed food/money in ur area in the past 2 weeks? Reply 1. Yes. 2. No.  U will be paid R2 airtime for ur response.
46,"VIP wants to know if you voted?
1. Yebo
2. Cha"
47,"Welcome to VIP!
1. Answer & win!
2. VIP Quiz
3. Report an Election Activity in ur Community
4. View VIP results
5. What's up?
6. About
7. End"
48,"I am...
1. Male
2. Female"
49,"How old are you?
1. u15
2. 15-17
3. 18-29
4. 30-39
5. 40-49
6. 50+"
50,"Did you vote in the 2009 election?
1. Yes
2. No, could not/was not registered
3. No, did not want to
4. No, other
5. Skip"
51,"I am...
1. Black African
2. Coloured
3. Indian/Asian
4. White
5. Other
6. Skip"
52,Please give us your cellphone number as you stand a chance to win airtime!
53,0839612989
54,"Thank you for telling VIPa bit more about yourself! If you are a lucky winner your airtime will be sent to you shortly.
1. Main Menu"
55,You are 1 of 63607 citizens who are active citizen election reporters! 4442 election activity posts have been submitted.
56,"Thanks, u have answered all the questions in this section.
1. Main Menu"
57,"People in my neighborhood look down on those who do not vote:
1. Strongly agree
2. Somewhat agree
3. Somewhat disagree
4. Strongly disagree
5. Skip"
58,"How do you rate the overall performance of President Zuma?
1. Excellent
2. Good
3. Just Fair
4. Poor
5. Skip"
59,"Which party has contacted you the most during this election campaign?
1. None, I have not been contacted
2. ANC
3. Agang
4. COPE
5. DA
6. EFF
7. IFP
8. Other
9. Skip"
60,5
61,"During the past two weeks, have you attended a campaign rally?
1. Yes
2. No
3. Skip"
62,"Would you like to continue answering questions? There are 12 in total.
1. Continue
2. Main Menu"
63,"Which political party do you feel close to?
1. ANC
2. Agang
3. COPE
4. DA
5. EFF
6. IFP
7. Other
8. I don't feel close to a party
9. Skip"
64,"How easy is it for your neighbors to find out if you voted?
1. Very easy
2. Somewhat easy
3. Somewhat difficult
4. Very difficult
5. Skip"
65,"During the past year, has your community had demonstrations or protests?
1. Yes, several times
2. Yes, once or twice
3. No
4. Skip"
66,"During the past year, have you attended a demonstration or protest?
1. Yes, many
2. Yes, a few
3. No
4. Skip"
67,"How do you rate the overall performance of your local government councillor?
1. Excellent
2. Good
3. Just Fair
4. Poor
5. Skip"
68,"How likely is it that you will vote in the upcoming election?
1. Very likely
2. Somewhat likely
3. Somewhat unlikely
4. Very unlikely
5. Unsure
6. Skip"
69,"If your community has had demonstrations or protests in the last year, were they violent?
1. Yes
2. No
3. Not applicable
4. Skip"
70,"Are you registered to vote in the upcoming elections?
1. Yes
2. No
3. Unsure
4. Skip"
71,You are 1 of 63608 citizens who are active citizen election reporters! 4444 election activity posts have been submitted.
72,"During the past year, how often have u or anyone in ur family gone without enough food to eat?
1. Never
2. Once or twice
3. Sometimes
4. Many times
5. Always
6. Skip"
73,"How satisfied are you with the way democracy works in South Africa?
1. Very satisfied
2. Somewhat satisfied
3. Dissatisfied
4. Very dissatisfied
5. Skip"
74,"How much do you trust the Democratic Alliance (DA)?
1. A lot
2. Some
3. Not much
4. Not at all
5. No opinion
6. Skip"
75,"In SA, its sometimes necessary 2 use violence 4 a just cause:
1. Strongly agree
2. Somewhat agree
3. Somewhat disagree
4. Strongly disagree
5. Skip"
76,"Would you like to continue answering questions? There are 10 in total.
1. Continue
2. Main Menu"
77,You are 1 of 76944 citizens who are active citizen election reporters! 5722 election activity posts have been submitted.
78,Bye.
79,"Report type:
1. Party going door-to-door
2. Party intimidating voters
3. Party distributing food/money
4. Campaign rally
5. Campaign violence
6. Protest/Demonstrtn"
80,What is the title of your report?
81,"What colours were the ballots at your voting station?
1. white&pink
2. green&yellow
3. pink&blue
4. blue&yellow
5. none of above
6. skip"
82,"If your phone has a camera, pls mms us a photo of your inked finger to show your vote! U will be sent airtime for ur MMS.Send to vipvoice2014@gmail.com"
83,"How do you feel about democracy in SA?
1. vry satisfied
2. smewht satisfied
3. smewhat disatisfied
4. vry disatisfied
5. skip"
84,"Do u think the outcome of the election was free and fair? 
1. strongly agree
2. somewht agree
3. somewht disagree 
4. strongly disagree
5. skip"
85,"Are u happy with the election results? 
1. strongly agree
2. somewht agree
3. somewht disagree
4. strongly disagree
5. skip"
86,"In the next 5 years, do u think life for people like u will be better, worse, or stay the same?
1. better
2. worse
3. stay same"
87,VIP: Voice thanks you for contributing to a free & fair election! 
88,K
89,.
90,0765932016
91,You are 1 of 67842 citizens who are active citizen election reporters! 5023 election activity posts have been submitted.
92,Back
93,HEY USALEKANJAN
94, 
95,VIP:Voice wants 2 know: any rallies in ur area in the past 2 weeks? Reply 1. Yes. 2. No.  U will be paid R2 airtime for ur response.
96,Where did this event happen? Please be as specific as possible and give address and city.
97,"Please select the location from the options below
1. South Africa
2. Not the address"
98,Thank u for ur report! Keep reporting & u may have a chance to be an official election day reporter where u can earn airtime or cash for ur contrib
99,You are 1 of 84102 citizens who are active citizen election reporters! 6727 election activity posts have been submitted.
100,6
101,"VIP-Ask is a multichannel political engagement portal.VIP: Ask will engage S. Africans from all walks of life to report on electoral activities,
1. Prev
2. Next
3. Exit"
102,"During the past 2 weeks, how often have party agents gone door to door in ur community ?
1. Often
2. Several times
3. Once or twice
4. Never
5. Skip"
103,"How much do you trust the ANC?
1. A lot
2. Some
3. Not much
4. Not at all
5. No opinion
6. Skip"
104,"How much do you trust the Economic Freedom Fighters (EFF)?
1. A lot
2. Some
3. Not much
4. Not at all
5. No opinion
6. Skip"
105,"During the past two weeks, how frequently have campaign rallies occurred in your community?
1. Often
2. Several times
3. Once or twice
4. Never
5. Skip"
106,"During the past two weeks, how frequently have party agents intimidated voters in your community?
1. Often
2. Several times
3. Once or twice
4. Never
5. Skip"
107,"Sometimes not voting is the best way to express your political preferences:
1. Strongly agree
2. Somewhat agree
3. Somewhat disagree
4. Strongly disagree
5. Skip"
108,"Dis stemtyd! Dink jy jou stem maak saak?
1. JA elke stem tel
2. NEE maar ek stem nogtans
3. NEE ek gaan NIE stem nie
4. Ek's NIE GEREGISTEREER
5. Ek's TE JONK"
109,"Aanvaar asb bepalings & voorwaardes om te begin.
1. Aanvaar & Sluit aan
2. Lees B&V
3. Onttrek"
110,"VIP:Voice is 'n navorsingsprojek deur die Praekelt,  Demokrasie Int en U.Calif SD. Anonieme vrae kan gevra & gestoor word.
1. Vorige
2. Volg
3. Onttrek"
111,"Jy kan onttrek, weier om te antwoord. Jy kan uitgesluit word. Jy sal oor nuwe inligting in kennis gestel word.
1. Vorige
2. Volg
3. Onttrek"
112,"As jy deelneem sal ons vrae oor jouself en jou waarnemings oor die verkiesing vra. Jy bly anoniem. Antwoorde nie gedeel word nie.
1. Vorige
2. Volg
3. Onttrek"
113,"Vrae of navorsingsverwante probleme het? Kontak CGibson by 011 858 760 5100.Vir volledige B&V's, besoek.yal.mobi/vip .
1. Vorige
2. Volg
3. Onttrek"
114,"Dankie! Ons benodig jou stemwyk. Gee Stuur vir ons jou huisadres & ons sal dit uitwerk. Dit sal privaat gehou word, ons gebruik net d stemwyk - jy bly anoniem"
115,Huis 987 dibeng
116,"Sleutel asb u address versigtig in, bijvoorbeeld: 12 Main straat Pretoria. Verbruikers wenk: # sleutel vir teks keuze"
117,Haakbosstraat
118,"Kies jou area:
1. Haakbos Street, Bedworth Park, Emfuleni Local Municipality, Sedibeng District Municipality, Gauteng
2. Nie my address nie"
119,987haakbosdraai dibeng
120,"Kies jou area:
1. Dibeng, John Taolo Gaetsewe District Municipality, Northern Cape
2. Nog nie my address nie"
121,"Welkom by VIP!
1.  Antwoord & wen!
2. VIP-vasvra
3. Rapporteer verkiesingsaksie binne jou gemeenskap
4. Wat gaan aan?
5. Omtrent
6. Eindig"
122,"Wat is jou verslag se titel?
1. Party deur tot deur gaan
2. Party kiesers intimideer
3. Party kos/geld uitdeel
4. Verkiesingsaamtrek
5. Verkiesinggeweld
6. Protes/Betoging"
123,Wat is jou verslag se titel?
124,Da
125,Waar het hierdie voorval plaasgevind? Wees asb baie spesifiek en gee adres en stad/dorp.
126,Deben
127,"Please select the location from the options below
1. Deben
2. Nie die address nie"
128,"Dankie dat jy vir VIP iets meer oor jouself vertel het. Indien U n gelukkige wenner is, sal Lugtyd binnekort aan U gestuur word!"
129,VIP:Voice wants 2 know: any campaign violence in ur area in past 2 weeks? Reply 1. Yes. 2. No.  U will be paid R2 airtime for ur response.
130,"VIP wants to know if you voted?
1. Ja
2. Nee"
131,Someday
132,12 main street pretoria
133,"Choose your area:
1. Main Street, Erasmia, Pretoria,...
2. Main Street, Erasmia, Pretoria,...
3. Main Street, Waterkloof, Pretori...
4. More"
134,"Welcome to VIP!
1. Answer & win!
2. VIP Quiz
3. Report an Election Activity in ur Community
4. What's up?
5. About
6. End"
135,bj
136,0844615308
137,You are 1 of 81736 citizens who are active citizen election reporters! 6272 election activity posts have been submitted.
138,g
139,0749629973
140,ANC
141,Siyabonga! Ukuvota udinga ikhadi lewadi lakho lokuvota. Phendula ngekheli lakho lasekhaya sikusize. Lokhu kuyimfihlo; kugcinwa iwadi lakho lokuvota kuphela
142,P.o box 7663
143,"Khetha indawo yakho
1. South Africa
2. Asiyilo ikheli lami"
144,"Ngingo
1. wesilisa
2. wesifazane"
145,"Uneminyaka emingaki?
1. ngaphansi kweyi-15
2. 15-17
3. 18-29
4. 30-39
5. 40-49
6. 50+"
146,"Wavota yini okhethweni lwango-2009?
1. Yebo
2. Cha, angikwazanga/ngangingabhalisanga
3. Cha, angithandanga
4. Cha, okunye
5. Eqa"
147,"Ngingo
1. ngumAfrika oNsundu
2. yiKhaladi
3. ngowomdabu waseNdiya/waseEshiya
4. Mhlophe
5. ngokunye
6. Eqa"
148,Sicel inombolo yeselula yakho ukuze sikwazi ukukuthumelel i-airtime yakho!
149,0738486192
150,"Sibonga ukuzethula kabanzi ku-VIP! Uma uyawine, uzothunyelelwa i-airtimeyakho masinyane!
1. iMenyu Enkulu"
151,Protea Straat 126
152,"Kies jou area:
1. Proteastraat, Overstrand Ward 2,...
2. Proteastraat, Overstrand Ward 11...
3. Protea Street, Linksfield, Johann...
4. More"
153,"Kies jou area:
1. Protea Street, De Wetshof, Jo...
2. Protea Street, Malvern, Johann...
3. Protea Street, Malvern, Johann...
4. More
5. Back"
154,"Kies jou area:
1. Protea Street, Malvern, Johan...
2. Protea Street, Doornpoort, Pre...
3. Protea Street, Kewtown, Cape T...
4. More
5. Back"
155,"Kies jou area:
1. Protea Street, Du Noon, Cape Town, City o...
2. Protea Street, Buitesig, Bloemfontein, Ma...
3. Nie my address nie
4. Back"
156,126 Protea straat Villiersdorp 
157,1934
158,1934 marikana street 
159,"Choose your area:
1. Marikana Street, Rooihuiskraal-Noord, Simarlo AH, City of Tshwane Metropolitan Municipality, Gaute...
2. Not my address"
160,0748491503
161,You are 1 of 57208 citizens who are active citizen election reporters! 2188 election activity posts have been submitted.
162,"Welcome to Voting is Power! Start by choosing your language:
1. English
2. Afrikaans
3. isiZulu"
163,0847455550
164,"Sibonga ukuzethula kabanzi ku-VIP! Uma uyawine, uzothunyelelwa i-airtime yakho masinyane! 
1. iMenyu Enkulu"
165,Ungumhlali o we si 80940 o sebenza ngokubika ezinkethweni! Izimibiki engu 6194 ekethweni isi thunyelwe.
166,"Nesidingo sokusebenzisa udlame ukufeza inhloso ethile:
1. Ngivum' kakhulu
2. Ngiyavuma kancane
3. Ngiyaphika kancane
4. Ngiphika kakhul
5. Eqa"
167,"Emsontweni 2 edlule abezinhlangno bangene kangakanni imizi ngemiz ngakini benxenxa abavoti?
1. Kaningi
2. Izikhath ezimbalwa
3. 1 noma 2
4. Nakanye
5. Eqa"
168,"Ukungavoti kuye kube yindlela yokuvez ukuzikhethela politiki:
1. Ngivum' kakhulu
2. Ngiyavuma kancane
3. Ngiyaphika kancane
4. Ngiphika kakhul
5. Eqa"
169,"Onyakeni odlule, wena nelungu labakini nalala kaningi kangakanani?
1. Nakanye
2. 1 noma 2
3. Ngesinye isikhath
4. Izikhath eziningi
5. Izikhath zonke
6. Eqa"
170,"Uyathanda yini ukuqhubeka nokuphendula imibuzo? Iyi-10 Isiyonke
1. Qhubeka
2. iMenyu Enkulu"
171,"Uyethemba kangakanani iDemocratic Alliance (DA)?
1. Kakhulu
2. Kakhudlwana
3. Hhayi kakhulu
4. Nakancane
5. Anginakuphawula
6. Eqa"
172,"Emasontweni 2 edlule abe maningi kangakanani amarali okukhankasela ukhetho emphakathin wangakini?
1. Kaningi
2. Izikhath ezimbalwa
3. 1 noma 2
4. Nakanye
5. Eqa"
173,"Uyethemba kangkanani i-ANC?
1. Kakhulu
2. Kakhudlwana
3. Hhayi kakhulu
4. Nakancane
5. Anginakuphawula
6. Eqa"
174,"Emsontweni 2 edlule abamele izinhlangano babesabise kangakanani abavoti ngakini?
1. Kaningi
2. Izikhath ezimbalwa
3. 1 noma 2
4. Nakanye
5. Eqa"
175,"Ugculiseke kangakanani yindlela intando yabantu esebenza ngayo kuleli?
1. Kakhulu
2. Ngigculisekile ngandlela thile
3. Angugculisekile
4. Angigculisekile neze
5. Eqa"
176,"Uyethemba kangakanani iEconomic Freedom Fighters (EFF)?
1. Kakhulu
2. Kakhudlwana
3. Hhayi kakhulu
4. Nakancane
5. Anginakuphawula
6. Eqa"
177,Iphi airtym yam
178,Airtym yam
179,0783502821
180,0784256826
181,You are 1 of 75322 citizens who are active citizen election reporters! 5617 election activity posts have been submitted.
182,J
183,Mwa
184,3. isiZulu
185,0744564418
186,"U cn withdraw, refuse 2 answer questions or take part. U may be excluded w/out notice. U will be informed of new info that may affect u
1. Prev
2. Next
3. Exit"
187,"If u participate,we'll ask questions about u & ur obs of the elections.U'll b anonymous.Answers are confidential&won't b shared.
1. Prev
2. Next
3. Exit"
188,"Have questions / research-related issues? Contact C.Gibson 0118587605100. View full T&Cs visit http://.yal.mobi/vip
1. Prev
2. Next
3. Exit"
189,3. Exit
190,"Thank you for your time. Remember, you can always reconsider becoming a citizen reporter."
191,20698 sithunzi street strand nomzamo
192,"Choose your area:
1. 1st, Vanderbijlpark 1911
2. 1st, Winterveldt 0198
3. 1st, Cape Town 7764
4. More"
193,0724220798
194,1. Answer & win!
195,You are 1 of 47549 citizens who are active citizen election reporters! 746 election activity posts have been submitted.
196,"Please select the location from the options below
1. 1st, Vanderbijlpark 1911
2. 1st, Winterveldt 0198
3. 1st, Cape Town 7764
4. More"
197,B
198,You are 1 of 47572 citizens who are active citizen election reporters! 747 election activity posts have been submitted.
199,You are 1 of 47726 citizens who are active citizen election reporters! 757 election activity posts have been submitted.
200,Beauty
201,Ryt
202,Life
203,Right 2 vote
204,Cape town strand
205,"Please select the location from the options below
1. Strand, Cape Town
2. Strand, Cape Town 7140
3. Not the address"
206,"Strand,cape town 7140 "
207,"Did you observe or hear about any incidents of intimidation in or around the polling station?
1. Yes
2. No
3. Skip"
208,"How would you rate the overall performance of IEC officials at the voting station?
1. Excellent
2. Good
3. Fair
4. Poor
5. Skip"
209,"Please report the environment outside the polling station
1. Very tense
2. Somewhat tense
3. Not tense
4. Skip"
210,"Did you observe party agents campaigning outside of the voting station?
1. Yes
2. No
3. Skip"
211,"Did the voting station provide adequate privacy to ensure ballot secrecy?
1. Yes
2. No
3. Skip"
212,"Did the voting station have all necessary materials and working equipment?
1. Yes
2. No
3. Don't know
4. Skip"
213,"Did you observe or hear about any violence in or around the polling station?
1. Yes
2. No
3. Skip"
214,"How long are voters waiting in queue b4 voting?
1. less than 10min
2. 10-30 min
3. 30min to 1hr
4. more than 1hr
5. skip"
215,"I-VIP:Voice yiprojekt yocwaningo lwe-Praekelt, Dem Intl ne-UCSD. Kungabuzwa imibuzo igcinwe lingavezwa igama
1.Owedlule 
2.Okulandelayo 
3.Phuma"
216,"Community hall
ext10"
217,You are 1 of 83743 citizens who are active citizen election reporters! 6613 election activity posts have been submitted.
218,0746547787
219,Ungumhlali o we si 64778 o sebenza ngokubika ezinkethweni! Izimibiki engu 4709 ekethweni isi thunyelwe.
220,804 hamilton road evaton
221,"Choose your area:
1. 804 Hamilton Road, Evaton 1985
2. Not my address"
222,804 hamilton road 1984
223,"Choose your area:
1. 804 Hamilton Road, Evaton 1985
2. Still not my address"
224,0735654717
225,Wu 
226,Dankie	
227,"Welkom by Stem gee Mag!! Kies jou taal:
1. Engels
2. Afrikaans
3. Zulu"
228,"Welkom by VIP!
1.  Antwoord & wen!
2. VIP-vasvra
3. Rapporteer verkiesingsaksie binne jou gemeenskap
4. Sien VIP-uitslae
5. Wat gaan aan?
6. Omtrent
7. Eindig"
229,"Binne die laaste 2 weke hoe dikwels het daar verkiesingsaamtrekke in j' gemeenskap plaasgevind?
1. Dikwels
2. Verskeie male
3. 1 of 2 maal
4. Nooit
5. Slaan Oor"
230,"
0797554498"
231,0748341478
232,You are 1 of 59747 citizens who are active citizen election reporters! 3000 election activity posts have been submitted.
233,Owk
234,"Ek is
1. Manlik
2. Vroulik"
235,"Hoe oud is jy?
1. u15
2. 15-17
3. 18-29
4. 30-39
5. 40-49
6. 50+"
236,"Het jy in die 2009-verkiesing gestem?
1. Ja
2. Nee, kon/was nie geregistreer
3. Nee, wou nie
4. Nee, wou nie
5. Slaan Oor"
237,"Ek is
1.  Swart Afrikaan
2. Bruin
3. Indir/Asies
4. Wit
5. Ander
6. Slaan Oor"
238,Gee vir ons jou selnommer sodat ons vir jou lugtyd kan stuur!
239,"Gee vir ons jou selnommer en staan n kans om lugtyd te wen!
1. Hoof Kieslys"
240,"Dankie, jy het al die vrae beantwoord.
1. Hoof Kieslys"
241,0791671695
242,"Is jy geregistreer om in die komende verkiesing te stem?
1. Ja
2. Nee
3. Onseker
4. Slaan Oor"
243,"As jou gemeenskap wel betogings of proteste gehad het, was daar geweld?
1. Ja
2. Nee
3. Nie van toepassing
4. Slaan Oor"
244,"Wat is die kans dat jy in die komende verkiesing sal stem?
1. Beslis
2. Byna seker
3. Nie groot kans
4. Beslis nie
5. Onseker
6. Slaan Oor"
245,"Hoe slaan jy die algehele prestasie van jou plaaslike regeringsraadslid aan?
1. Uitstekend
2. Goed
3. Middelmatig
4. Swak
5. Slaan Oor"
246,"Wil jy voortgaan om vrae te beantwoord? Daar is 12 in totaal.
1. Gaan voort
2. Hoof Kieslys"
247,"Gedurende die laaste jaar, het jy aan 'n betoging of protesoptog deelgeneem?
1. Ja, baie
2. Ja 'n paar
3. Nee
4. Slaan Oor"
248,"Gedurende die laaste jaar, het jou gemeenskap betogings of proteste gehad?
1. Ja verskeie kere
2. Ja 1 of 2 keer
3. Nee
4. Slaan Oor"
249,"By watter politieke party voel jy tuis?
1. ANC
2. Agang
3. COPE
4. DA
5. EFF
6. IFP
7. Ander
8. Voel nie tuis by een nie
9. Slaan Oor"
250,"Watter party het jou die meeste gedurende die verkiesingsveldtog gekontak?
1. Geen het my gekontak nie
2. ANC
3. Agang
4. COPE
5. DA
6. EFF
7. IFP
8. Ander
9. Slaan Oor"
251,"Het jy 'n verkiesingsaamtrek gedurende die laaste twee weke bygewoon?
1. Ja
2. Nee
3. Slaan Oor"
252," 1.Baie maklik 2.Redelik maklik 3.Ietwat moeilik 4.Baie moeilik 5.Slaan oor
1. Baie maklik
2. Redelik maklik
3. Ietwat moeilik 
4. Baie moeilik
5. Slaan Oor"
253,"In my gemeenskap sien mense neer op jou as jy nie gaan stem nie:
1. Stem sterk saam
2. Stem saam
3. Stem nie heeltemal saam
4. Stem glad nie saam
5. Slaan Oor"
254,"Hoe slaan jy President Zuma se algehele prestasie aan?
1. Uitstekend
2. Goed
3. Middelmatig
4. Swak
5. Slaan Oor"
255,"Hoeveel vertrou jy die ANC? 
1. Baie
2. Biejie
3. Nie veel nie
4. Glad nie
5. Geen opinie
6. Slaan Oor"
256,1. YEBO
257,Nibasiza kanjani abahluphekile
258,Back home
259,Imenyu enkulu
260,0843392895
261,0792221877
262,You are 1 of 65478 citizens who are active citizen election reporters! 4773 election activity posts have been submitted.
263,0610303941
264,"Deur nie te stem nie druk jy jou politieke voorkeure d beste uit
1. Stem sterk saam
2. Stem saam
3. Stem nie heeltemal saam
4. Stem glad nie saam
5. Slaan Oor"
265,Siyabonga.
266,"Siyakwamukela ku-Ukuvota Kungamandla! Qala ngokukhetha ulimi lwakho:
1. Isingisi
2. isiBhunu
3. isiZulu"
267,0844953898
268,Ungumhlali o we si 58651 o sebenza ngokubika ezinkethweni! Izimibiki engu 2668 ekethweni isi thunyelwe.
269,Nzhelele 0993 box 506
270,Ha makatu nzhelele box 506 0993 
271,9012206335801
272,"Please select the location from the options below
1. South, Randfontein 1764
2. South, Paarl 7624
3. South East, Cape Town 7798
4. More"
273,0765740518
274,You are 1 of 83337 citizens who are active citizen election reporters! 6521 election activity posts have been submitted.
275,You are 1 of 83338 citizens who are active citizen election reporters! 6522 election activity posts have been submitted.
276,0765740515
277,0734842860
278,8
279,You are 1 of 80669 citizens who are active citizen election reporters! 6134 election activity posts have been submitted.
280,Great!!
281,H
282,Thanks for your response
283,R
284,S
285,0735791339
286,You are 1 of 58863 citizens who are active citizen election reporters! 2757 election activity posts have been submitted.
287,Polokong house number 2017 
288,"
1. Prev
2. Next
3. Exit"
289,1. Accept 
290,2. Read t
291,0743479890
292,You are 1 of 75608 citizens who are active citizen election reporters! 5648 election activity posts have been submitted.
293,Yes
294,I lyk those people they just do a creat job
295,My address is 1277 sterling road evaton center
296,1277 sterling road gauteng
297,"Please select the location from the options below
1. 1277 Stirling Road, Evaton 1985
2. Not the address"
298,Ohk thnx
299,"voice their opinions on current issues surrounding the elections, and report on election processes on voting day.
1. Prev
2. Next
3. Exit"
300,"VIP:Ask is a partnership between academics, Democracy International, Livity Africa and the Praekelt Foundation
1. Prev
2. Next
3. Exit"
301,"2. Yes, a few"
302,0617353305
303,0847553022
304,Home
305,A
306,"ward 12,Thulasi,Mandeni,4490  "
307,Durban umlazi v1629
308,"Siyacela, phendula ngekheli lakho lasekhaya e.g 12 main street pretoria"
309,Madiva mbutho v1629 umlazi
310,Durban 4066
311,"Phindavele high school,p bag x1015,umkomaas 4170"
312,Dududu vulamehlo ward 6
313,Ward 6 dududu
314,Vulamehlo ward 6
315,Mahwaqa ward 6 dududu
316,6 ward vulamehlo
317,Kzn
318,"Khetha indawo yakho
1. KwaZulu-Natal
2. Asiyilo ikheli lami"
319,"Siyakwamukela ohlelweni i-VIP!
1. Phendula uwine!
2. Imibuzo ye-VIP
3. Bika umcimbi wokhetho
4. Kwenzenjani?
5. Ngalokhu
6. Qeda"
320,O847425995
321,"I-VIP:Voice iwuhlelo oluklanyelwe ukubandakanya izakhamuzi zakuleli njengoba kuyiwa okhethweni
1.Owedlule 
2.Okulandelayo 
3.Phuma"
322,"
1.Owedlule 
2.Okulandelayo 
3.Phuma"
323,Sikuph isidingo sokuvota?
324,Kuvotwa nini
325,"36304 lehong street,mamelodi east,0122"
326,Eyanton ngk ietym?
327,0787428040
328,3661Mshayise street ext4.tsakane
329,1550 brakpan
330,"Choose your area:
1. 1550
2. Not my address"
331,0742349324
332,0784831481
333,You are 1 of 66896 citizens who are active citizen election reporters! 4942 election activity posts have been submitted.
334,0719082321
335,Jy is een van 61440 burgers wat aktiewe burgerlike verkiesingsverslaggewers is! 3624 verkiesingsaktiwiteitsverslae is ingedien.
336,"Gedurende die laaste 2 weke, hoe dikwels het partyagente van deur tot deur in jou gemeenskap gegaan
1. Dikwels
2. Verskeie male
3. 1 of 2 maal
4. Nooit
5. Slaan Oor"
337,"Binne die laaste 2 weke hoe gereeld het verkiesingsaamtrekke in U gemeenskap plaasgevind?
1. Dikwels
2. Verskeie male
3. 1 of 2 maal
4. Nooit
5. Slaan Oor"
338,"Gedurende die laaste jr, h/veel maal het jy of iemand in jou familie nie genoeg kos gehad?
1. Nooit
2. 1 of 2 maal
3. Soms 
4. Baie maal
5. Altyd
6. Slaan Oor"
339,"Wil jy voortgaan om vrae te beantwoord? Daar is 10 in totaal.
1. Gaan voort
2. Hoof Kieslys"
340,"Hoeveel vertrou jy die Ekonomiese Vryheidvegters (EFF)?
1. Baie
2. Biejie
3. Nie veel nie
4. Glad nie
5. Geen opinie
6. Slaan Oor"
341,"Hoeveel vertrou jy die Demokratiese Alliansie (DA)?
1. Baie
2. Biejie
3. Nie veel nie
4. Glad nie
5. Geen opinie
6. Slaan Oor"
342,"In SA Is dit soms nodig geweld te gbruik vir n saak waarn jy glo:
1. Stem sterk saam
2. Stem saam
3. Stem nie heeltemal saam
4. Stem glad nie saam
5. Slaan Oor"
343,"Hoe tevrede is jy met die manier waarop demokrasie werk in Suid-Afrika?
1. Baie tevrede
2. Ietwat ontevrede
3. Ontevrede
4. Baie ontevrede
5. Slaan Oor"
344,Jy is een van 63379 burgers wat aktiewe burgerlike verkiesingsverslaggewers is! 4220 verkiesingsaktiwiteitsverslae is ingedien.
345,Jy is een van 76108 burgers wat aktiewe burgerlike verkiesingsverslaggewers is! 5686 verkiesingsaktiwiteitsverslae is ingedien.
346,0749009305
347,"VIP:Voice is 'n verkiesingsplatform ontwerp om Suid-Afrikaners betrokke te laat raak by die aanloop tot die verkiesings
1. Vorige
2. Volg
3. Onttrek"
348,Deur na deur
349,Bredasdorp simunyegebied 
350,"Please select the location from the options below
1. Bredasdorp
2. Bredasdorp
3. Nie die address nie"
351,12Mandelastr bredasdorp simunye
352,BredasdorP7280 12Mandelstraat
353,63662 12th str newbrighton. P.e
354,12th st newbrighton eastern cape
355,4EFF
356,0846238188
357,0744481107
358,You are 1 of 82844 citizens who are active citizen election reporters! 6412 election activity posts have been submitted.
359,0730686141
360,0834645570
361,Molwen
362,"Khetha indawo yakho
1. Molweni
2. Asiyilo ikheli lami"
363,0840113446
364,You are 1 of 83387 citizens who are active citizen election reporters! 6525 election activity posts have been submitted.
365,Wht i we dung or de a mi  of thns
366,3. Once or twice
367,3. Somewhat disagree
368,KK
369,0610379644
370,You are 1 of 82400 citizens who are active citizen election reporters! 6354 election activity posts have been submitted.
371,OK
372,144
373,"Khetha indawo yakho
1. 144, N2, Zulwini Gardens, Umbogintwini, eT...
2. 144, H11, Kruger National Park, Mbombela L...
3. Asiyilo ikheli lami"
374,0715337104
375,"Khetha
1. Inhlngno hamb' imizi ngemiz
2. Inhlngno sabisa bavoti
3. Inhlngno isabalalisa ukudla/imali
4. Irali yomkhankso
5. Udlame lokukhankas
6. Umbhikisho"
376,Sithini isihloko sombiko wakho?
377,Wozani nivotela bakhethi be ANC
378,Wenzekephi lo mcimbi? Khomba indawo ngangokusemandleni unikeze ikheli nedolobha.
379,Ermelo 
380,"Please select the location from the options below
1. Ermelo
2. Ermelo
3. Not the address"
381,Ermelo 2350 street weselton
382,"Please select the location from the options below
1. 2350
2. Ermelo
3. Still not the address"
383,"Siyabonga! Qhubeka, ungaba sethubeni lokukhethwa njengozobika ngokusemthethweni ngosuku lokhetho, lapho ungazitholela khona i-airtime"
384,Yebo
385,Anc iyasiza kakhulu kuthina bantu
386,2320 davel street
387,"Please select the location from the options below
1. South Avenue, Davel 2320
2. Not the address"
388,Anc
389,144 weselton street
390,"Please select the location from the options below
1. 144 Weston Street, Upington 8801
2. Not the address"
391,Qubeka
392,0616774238
393,0613826209
394,You are 1 of 66397 citizens who are active citizen election reporters! 4878 election activity posts have been submitted.
395,0
396,Hunger
397,Armhest farm. Balfour .5720 : in EASTERN CAPE
398,Armhest farm. Balfuor . 5740.
399,Armhest farm Balfour
400,Armhest farm
401,Armhest #
402,"Please select the location from the options below
1. Amherst, R67
2. Not the address"
403,Eletricity  and sanitation mostly needed
404,Armhest. Balfour.5740
405,"Please select the location from the options below
1. Balfour
2. Not the address"
406,"Asinandawo zokuhlala ,asinawo nombane kunye namanzi okusla .Sisela amanzi edama sisela kunye needonki neenkomo. akhonto sinayo kodwa yiminyaka sivota akhonto siyifumanayo.ukuba amanz aphelile edamen kufuneka siqeshe idonkey kuyokhiwa amanz emlanjen. asinawo naloombane siasokola apha."
407,Armherst balfour 5740
408,You are 1 of 66465 citizens who are active citizen election reporters! 4891 election activity posts have been submitted.
409,3. Zulu
410,Soweto-on sea 31
411,"Choose your area:
1. Soweto on Sea, Zwide, Nelson Mandela Bay Metropolitan Municipality, Eastern Cape
2. Not my address"
412,0718426634
413,Waneer stuur julle die lugtyd???
414,Jy is een van 53503 burgers wat aktiewe burgerlike verkiesingsverslaggewers is! 1211 verkiesingsaktiwiteitsverslae is ingedien.
415,Gee nou my lugtyd..
416,BLC door to door...
417,Kakamas vase 4
418,"Please select the location from the options below
1. Kakamas
2. Nie die address nie"
419,#
420,"Please select the location from the options below
1. South Africa
2. Nog nie die address nie"
421,0719068620
422,You are 1 of 83445 citizens who are active citizen election reporters! 6539 election activity posts have been submitted.
423, Mbongwana
424,You are 1 of 83509 citizens who are active citizen election reporters! 6548 election activity posts have been submitted.
425,You are 1 of 84014 citizens who are active citizen election reporters! 6699 election activity posts have been submitted.
426,0789620205
427,Xhosa
428,"Diepsloot ext5 puma strrt2189,,,,house nmbr4272"
429,4272 puma street diepsloot
430,5 puma street diepsloot
431,P.O box 362 highflats 3306
432,960 main road emazabekweni
433,960 main streets highflats
434,960 main streets ebovini
435,960 main road khuluma
436,960 road emazabekweni
437,960 main street mazabekweni
438,96 main street ebovini
439,P.O box 263 highflats 3306
440,960 zibambele maintein road
441,Mpola l104
442,Ward 15 milky way marrianhill
443,15 main fano road marrianhil
444,If i dnt wnt 2 send the address what will u do
445,180310
446,Kwashange tar road 1836 pietermariztburg
447,Kwashange 1836 tar road pietermariztburg
448,Kwashange 1836 tar road 180310 pietermaritzburg 3200
449,1. English
450,1. Accept & Join
451,"3. No, did not want to"
452,You are 1 of 75418 citizens who are active citizen election reporters! 5627 election activity posts have been submitted.
453,4. View VIP results
454,2. Good
455,1. Yes
456,2. ANC
457,1. Continue
458,"2. Yes, once or twice"
459,2. Somewhat easy
460,3. Just Fair
461,2. Somewhat likely
462,3. Not applicable
463,"1. Yes, many"
464,0780546485
465,You are 1 of 64253 citizens who are active citizen election reporters! 4651 election activity posts have been submitted.
466,Ward 6 po box 705 ixopo 3276
467,705 ixopo
468,09030510289
469,You are 1 of 85282 citizens who are active citizen election reporters! 6988 election activity posts have been submitted.
470,0734967298
471,0784391758
472,"Ungahoxa noma ubambe iqhaza. Ungakhishwa ngaphandle kokwaziswa. Uzokwaziswa ngolwaz olusha ngababamb iqhaza
1.Owedlule 
2.Okulandelayo 
3.Phuma"
473,Hey
474,You are 1 of 55556 citizens who are active citizen election reporters! 1727 election activity posts have been submitted.
475,0846628638
476,9
477,0613105443
478,You are 1 of 75734 citizens who are active citizen election reporters! 5658 election activity posts have been submitted.
479,Ok
480,You are 1 of 83228 citizens who are active citizen election reporters! 6490 election activity posts have been submitted.
481,0822546157
482,You are 1 of 79535 citizens who are active citizen election reporters! 6005 election activity posts have been submitted.
483,Howe
484,You are 1 of 80373 citizens who are active citizen election reporters! 6101 election activity posts have been submitted.
485,Strike
486,Johannesburg randfontein
487,"Please select the location from the options below
1. Randfontein
2. Not the address"
488,You are 1 of 83071 citizens who are active citizen election reporters! 6469 election activity posts have been submitted.
489,G
490,Air time
491,3. Report an Election Activity in ur Community
492,Randfontein
493,1. Main Menu
494,What about my air time because all questions are answered
495,You are 1 of 84969 citizens who are active citizen election reporters! 6919 election activity posts have been submitted.
496,Airtime
497,Ungumhlali o we si 53878 o sebenza ngokubika ezinkethweni! Izimibiki engu 1372 ekethweni isi thunyelwe.
498,Bk
499,J111
500,1226 vumani khawula road durban
501,6. Skip
502,You are 1 of 65635 citizens who are active citizen election reporters! 4787 election activity posts have been submitted.
503,15 balladi cres street olievenhoutbosch ext 4
504,15 balladi street olievenhoutbosch
505,"Choose your area:
1. Back, Seeberg, Saldanha Bay Local Municipality, West Coast District Municipality, Western Cape
2. Not my address"
506,"Choose your area:
1. 2, Hectorspruit, Nkomazi Local ...
2. 2, Hectorspruit, Nkomazi Local ...
3. 2, Hectorspruit, Nkomazi Local M...
4. More"
507,"Choose your area:
1. 2, Hectorspruit, Nkomazi Loc...
2. 2, Hout Bay, City of Cape Tow...
3. 2, Rooiwal, Mont Lorraine, Ci...
4. More
5. Back"
508,"3. 2, Hectorspruit, Nkomazi Local M..."
509,Food
510,15 balladi street oliven pretoria
511,"Please select the location from the options below
1. Pretoria
2. Not the address"
512,0761002936 
513,Kroondal ikemeleng village.0350
514,Ikemeleng village kroondal
515,0619403001
516,0606606124
517,0749284788
518,Jy is een van 68535 burgers wat aktiewe burgerlike verkiesingsverslaggewers is! 5075 verkiesingsaktiwiteitsverslae is ingedien.
519,Job
520,Paarl
521,"Please select the location from the options below
1. Paarl
2. Nie die address nie"
522,Jy is een van 68549 burgers wat aktiewe burgerlike verkiesingsverslaggewers is! 5076 verkiesingsaktiwiteitsverslae is ingedien.
523,Mahlungulu area nondweni 3137
524,Ngihlala endaweni yasemakhaya
525,Mahlungulu area nondweni3137
526,F2440 section6 madadeni 2951
527,0786888810
528,084 785 3217
529,Yini umbiko
530,Eastern cape east london reeston
531,"Please select the location from the options below
1. Reeston, East London
2. Not the address"
532,You are 1 of 58998 citizens who are active citizen election reporters! 2771 election activity posts have been submitted.
533,i am still waiting 4 that airtime
534,0849683456
535,You are 1 of 68550 citizens who are active citizen election reporters! 5077 election activity posts have been submitted.
536,0740731487
537,Jy is een van 83897 burgers wat aktiewe burgerlike verkiesingsverslaggewers is! 6665 verkiesingsaktiwiteitsverslae is ingedien.
538,Jy is een van 84315 burgers wat aktiewe burgerlike verkiesingsverslaggewers is! 6764 verkiesingsaktiwiteitsverslae is ingedien.
539,M.p
540,32 CREDI SECTION KATLEHONG
541,32 kgotso street katlehong
542,"Choose your area:
1. 32 Kgotso Street, Katlehong 1431
2. 32 Kgotso Street, Katlehong 1431
3. 32 Kgotso Street, Katlehong 1431
4. More"
543,0745421047
544,1. white
545,4. blue
546,3. pink
547,You are 1 of 84121 citizens who are active citizen election reporters! 6732 election activity posts have been submitted.
548,t
549,back
550,"Please select the location from the options below
1. Back, Qism Minya, Minya, E...
2. Bak, Senegal
3. Back in Africa, 119 Mann St...
4. More"
551,"Please select the location from the options below
1. Not the address
2. Back"
552,55Matlwangtlwang steynsrus 9515
553,0843499466
554,Doo? To doo?
555,Mzinto 4200 kamagwaza
556,Angnalo
557,"Please select the location from the options below
1. Anglo Street, Welkom 9473
2. Anglo African Street, Grahamstow...
3. Anglo Alpha
4. More"
558,Konke kwahamba kahle
559,Ungumhlali o we si 74309 o sebenza ngokubika ezinkethweni! Izimibiki engu 5558 ekethweni isi thunyelwe.
560,Umkomelo wami
561,Mvffnfgrgb
562,P.o.box.25 jozini 3969
563,Hy guyz
564,0724548288
565,Ungumhlali o we si 80634 o sebenza ngokubika ezinkethweni! Izimibiki engu 6123 ekethweni isi thunyelwe.
566,Ngiyezwa
567,Nam ngingaba yilo yini iqembu le VIP
568,"Did you observe or hear about any violence in or around the polling station?
1. Yebo
2. Cha
3. Eqa"
569,"Did you observe party agents campaigning outside of the voting station?
1. Yebo
2. Cha
3. Eqa"
570,"Please report the environment outside the polling station
1. Very tense
2. Somewhat tense
3. Not tense
4. Eqa"
571,"Did the voting station provide adequate privacy to ensure ballot secrecy?
1. Yebo
2. Cha
3. Eqa"
572,"Did the voting station have all necessary materials and working equipment?
1. Yebo
2. Cha
3. Don't know
4. Eqa"
573,"How would you rate the overall performance of IEC officials at the voting station?
1. Kuhle kakhulu
2. Kuhle
3. Fair
4. Akukuhle
5. Eqa"
574,"Did you observe or hear about any incidents of intimidation in or around the polling station?
1. Yebo
2. Cha
3. Eqa"
575,Ungumhlali o we si 84721 o sebenza ngokubika ezinkethweni! Izimibiki engu 6852 ekethweni isi thunyelwe.
576,0745544025
577,You are 1 of 76341 citizens who are active citizen election reporters! 5696 election activity posts have been submitted.
578,You are 1 of 77976 citizens who are active citizen election reporters! 5807 election activity posts have been submitted.
579,0843097993
580,Ungumhlali o we si 53760 o sebenza ngokubika ezinkethweni! Izimibiki engu 1331 ekethweni isi thunyelwe.
581,14960 koekoe village maokeng kroonstad 9499
582,23 sharp straat groenheuwel paarl
583,23 sharp street paarl
584,x se dan naaer
585,923 mynah street swaneville 1754
586,923 mynah street johannesburg
587,Mynah street kagiso
588,311 cnr sebenza street kagiso
589,331 ALBERTINA SISULU ROAD
590,Sonwabo ext5 via zonke and plamridge ingadi str 7208
591,Sonwabo ingadi str 7208 KATLEHONG
592,7208 ingadi street
593,Zulu
594,2. Funda imigomo nemibandela
595,Libode 5160
596,"Khetha indawo yakho
1. Libode, Nyandeni Local Municipality, O.R. Tambo District Municipality, Eastern Cape
2. Asiyilo ikheli lami"
597,"1. Libode, Nyandeni Local Municipality, O.R. Tambo District Municipality, Eastern Cape"
598,21  
599,0604568576
600,Ngithi abantu mabavote ngobuningi babo
601,Wenzeka kutsolo
602,Libode mnyanda local municipality
603,Nyandeni local municipality libode
604,"Please select the location from the options below
1. Libode
2. Not the address"
605,Nyandeni local municipal libode 5160
606,"Please select the location from the options below
1. Libode
2. Libode
3. Asiyilo ikheli"
607,Nolokoza location
608,"*7 KEEROMSTRAAT, PEARSTON, 5860*"
609,7 Keerom straat Pearston
610,1236 romanela straat gelluksdal
611,12 Main straat Pretoria
612,"Kies jou area:
1. Main Street, Erasmia, Pretoria, ...
2. Main Street, Erasmia, Pretoria, ...
3. Main Street, Waterkloof, Pretoria...
4. More"
613,0748426025
614,"Jy kan enige verkiesingsverwante aktiwiteit via USSD rapporteer en help om 'n ware prentjie van die 2014-verkiesing te skep.Gaan uit
1. Vorige
2. Volg
3. Onttrek"
615,Tot siens
616,6. Eindig
617,Gaab terug
618,Gaan terug
619,*PARTY DEUR TOT DEUR GAAN*
620,0842835326
621,"Choose your area:
1. H, Tower Road, Boquinar Industrial Area, Cape...
2. H, International Trade Avenue, Tongaat South, ...
3. Not my address"
622,0818139616
623,0744519980
624,You are 1 of 66667 citizens who are active citizen election reporters! 4927 election activity posts have been submitted.
625,How to vote
626,Clocolan 9735
627,"Please select the location from the options below
1. Clocolan
2. Clocolan
3. Clocolan, 9735
4. More"
628,Thankz
629,0735832167
630,You are 1 of 61281 citizens who are active citizen election reporters! 3594 election activity posts have been submitted.
631,P.o.box 871 plessislaer 3216
632,"Khetha indawo yakho
1. Plessislaer, M70, Pietermaritzburg 3216
2. Asiyilo ikheli lami"
633,0763193007
634,Ungumhlali o we si 52303 o sebenza ngokubika ezinkethweni! Izimibiki engu 1096 ekethweni isi thunyelwe.
635,Edendale old main rd
636,Bhambanana road. Ingwavuma 3968
637,"Please select the location from the options below
1. Ingwavuma
2. Cha, asiyilo ikheli"
638,0610755686
639,"Do u think the outcome of the election was free and fair?
1. Strongly agree
2. Somewht agree
3. Somewht disagree
4. Strongly disagree
5. Skip"
640,"In the next 5 years, do u think life for people like u will be better, worse, or stay the same?
1. Better
2. Worse
3. Stay same
4. Skip"
641,"How do u feel about democracy in SA?
1. Very satisfied
2. Smewht satisfied
3. Smewhat disatisfied
4. Very disatisfied
5. Skip"
642,"Are u happy with the election results?
1. Strongly agree
2. Somewht agree
3. Somewht disagree
4. Strongly disagree
5. Skip"
643,VIP: Voice thanks you for contributing to a free & fair election!
644,You are 1 of 85193 citizens who are active citizen election reporters! 6970 election activity posts have been submitted.
645,Hone
646,1996Dewetsdorp
647,;)
648,"Choose your area:
1. South Africa
2. Not my address"
649, 0736808182
650,0735205745
651,Ungumhlali o we si 80715 o sebenza ngokubika ezinkethweni! Izimibiki engu 6148 ekethweni isi thunyelwe.
652,You are 1 of 79086 citizens who are active citizen election reporters! 5950 election activity posts have been submitted.
653,ward 9 eastern cape.p.o box 163
654,0744876002
655,You are 1 of 81794 citizens who are active citizen election reporters! 6279 election activity posts have been submitted.
656,I cant take a picture its dark
657,0613287265
658,You are 1 of 84238 citizens who are active citizen election reporters! 6751 election activity posts have been submitted.
659,4. Skip
660,1055B KAMAQHEKEZA
661,P.o.box 437 uthokozane
662,1055b kamaqhekeza
663,Ward 4 umtshezi municipality 
664,48 albert street estcourt
665,456 mimosadale KZN
666,"P.o box 462, Alice, 5700"
667,"Choose your area:
1. 5700
2. Not my address"
668,0787853717
669,Okay
670,"Choose your area:
1. South Africa
2. South Africa
3. Not my address"
671,0842695425
672,0744280020
673,Nawe
674,0712913353
675,You are 1 of 67285 citizens who are active citizen election reporters! 4972 election activity posts have been submitted.
676,b
677,together for jobs
678,"community hall, dordrecht"
679,"Please select the location from the options below
1. Metsimantsi Wyk 3
2. 4, 1170
3. 4th
4. More"
680,"Please select the location from the options below
1. 4th, Roodepoort 2169
2. 4th, Soshanguve 0164
3. 4 South East, Cape T...
4. More
5. Back"
681,Ward11
682,"Choose your area:
1. 1 South East, Cape Town 7798
2. Not my address
3. Back"
683,3348pinzi street pola pack 
684,3349 phinzi street mbekweni
685,7626phinzi street  paarl mbekweni
686,"17587 marabastad,maokeng"
687,17587 marabastad#kroonstad
688,0827407247
689,Ungumhlali o we si 58018 o sebenza ngokubika ezinkethweni! Izimibiki engu 2469 ekethweni isi thunyelwe.
690,Ngiyabonga
691, 0765274862
692,Pretoria makaba 32
693,"Please select the location from the options below
1. 32 Mirriam Makeba Street, Pretoria 0147
2. Not the address"
694,0417
